square_feet,bedrooms,bathrooms,age_years,location,condition,has_garage,lot_size,stories,year_built,price
3974,1,1.5,31,Urban,Fair,1,7077,1,1993,811771.790937375
1660,5,4.0,10,Rural,Good,0,9998,1,2014,677593.5664922537
2094,4,2.5,21,Suburbs,Excellent,0,5768,1,2003,667440.2071591489
1930,2,1.0,21,Waterfront,Excellent,1,2950,1,2003,634143.1504291814
1895,1,2.0,42,Rural,Fair,0,9995,1,1982,430056.4758415088
3892,1,3.0,24,Waterfront,Fair,0,2610,2,2000,908312.7329682878
2438,6,2.0,21,Urban,Fair,1,6669,1,2003,765840.1709840781
2969,2,2.0,27,Rural,Excellent,0,8429,2,1997,757413.3033868419
1266,6,3.5,28,Downtown,Good,1,7084,3,1996,686164.8820606534
2038,4,1.0,12,Waterfront,Good,0,5605,1,2012,663155.1321503131
1130,1,3.5,17,Urban,Excellent,1,6554,2,2007,544303.1979700456
2282,1,1.0,1,Downtown,Needs Repair,1,5283,3,2023,627506.5479526353
2935,5,4.0,28,Downtown,Good,1,4173,3,1996,892787.5762519246
3971,4,4.0,20,Downtown,Fair,1,5484,3,2004,1025790.8805702372
3719,1,1.0,14,Downtown,Needs Repair,1,3522,2,2010,757416.2807493476
930,4,1.5,26,Rural,Needs Repair,0,8568,1,1998,393063.09679432045
2485,2,2.5,49,Rural,Good,1,4601,1,1975,587391.9456640643
1569,3,1.5,30,Rural,Needs Repair,1,4657,2,1994,438270.5255764447
3191,1,2.5,14,Urban,Needs Repair,1,8080,1,2010,702171.1218996104
2315,5,3.5,50,Urban,Good,1,7662,2,1974,776699.1149874958
3653,2,2.5,22,Urban,Good,0,9325,1,2002,881198.6151795422
3233,4,3.5,23,Suburbs,Needs Repair,1,4159,3,2001,811315.2568388585
2015,6,4.0,43,Urban,Fair,1,4449,1,1981,712084.7177147417
1755,2,2.0,12,Rural,Excellent,0,5830,2,2012,516042.6399698103
3124,1,4.0,21,Rural,Needs Repair,1,2121,2,2003,637392.8707826893
1984,4,4.0,42,Suburbs,Needs Repair,0,6368,3,1982,643463.9926243341
1259,3,2.0,36,Suburbs,Fair,0,3317,2,1988,448821.5342078462
821,2,2.5,32,Urban,Needs Repair,0,6493,1,1992,348683.9259154615
3100,1,2.5,2,Waterfront,Needs Repair,0,4518,1,2022,750569.7161443885
1547,5,3.5,18,Suburbs,Excellent,1,7080,3,2006,808733.9497675911
3704,6,1.5,22,Downtown,Excellent,0,3230,2,2002,1025322.8585873598
1274,4,3.5,28,Rural,Excellent,1,3133,3,1996,533901.7920087558
1882,2,1.5,29,Downtown,Good,1,9607,1,1995,539423.7082423903
3358,2,4.0,38,Rural,Good,0,3301,3,1986,800841.0729007825
2847,3,2.0,43,Rural,Excellent,1,6034,2,1981,733902.8756269002
3547,3,4.0,46,Suburbs,Excellent,1,9735,3,1978,938976.8230265132
1775,5,1.0,24,Suburbs,Good,1,3910,2,2000,588413.6290730182
2606,6,2.5,36,Downtown,Fair,0,8712,2,1988,811358.5616965193
989,5,1.5,46,Rural,Needs Repair,1,3505,1,1978,359174.64493769605
3805,1,3.5,7,Downtown,Needs Repair,1,9970,1,2017,905483.4565806289
3534,1,2.0,41,Waterfront,Excellent,0,5185,1,1983,863504.7072181703
3805,5,1.5,15,Downtown,Fair,0,3916,2,2009,927025.8172351139
1362,6,3.5,7,Urban,Good,1,9040,3,2017,761954.3048364627
2699,5,2.5,0,Downtown,Excellent,0,6915,2,2024,909370.5719868813
2067,6,4.0,43,Urban,Fair,1,8996,1,1981,750786.1963732595
3679,6,2.5,4,Urban,Fair,1,5548,1,2020,961800.9990892758
2328,4,3.0,2,Urban,Fair,1,4757,3,2022,777951.4351786469
1446,6,1.0,0,Waterfront,Good,1,3956,1,2024,671412.4683775599
2868,3,3.0,3,Downtown,Good,0,8464,1,2021,850759.0036204252
3688,6,2.0,39,Downtown,Needs Repair,0,2178,1,1985,906604.8800895378
3014,6,1.5,34,Waterfront,Needs Repair,1,2896,3,1990,827265.6062794905
2097,6,2.0,31,Rural,Fair,1,8362,2,1993,653834.3528070045
3235,1,4.0,41,Suburbs,Fair,1,8932,1,1983,770203.9827533276
1400,3,3.5,33,Downtown,Good,0,8068,3,1991,598893.6623736315
3163,3,2.5,42,Suburbs,Needs Repair,0,3551,1,1982,747963.0523920093
2861,5,3.0,24,Waterfront,Fair,0,2491,3,2000,858724.0388270284
1041,4,3.0,9,Rural,Needs Repair,1,2060,1,2015,445385.75026327797
2841,6,4.0,20,Rural,Needs Repair,0,3077,3,2004,829154.2367693913
3624,2,3.0,45,Rural,Fair,1,7799,1,1979,770264.6578308322
3412,4,4.0,38,Waterfront,Good,1,8681,2,1986,961612.5296913532
3745,4,2.0,26,Urban,Fair,1,4895,1,1998,863370.7190887334
2163,3,2.5,26,Urban,Fair,1,9131,3,1998,673931.9556158975
2939,4,1.5,1,Suburbs,Needs Repair,0,6160,1,2023,753574.1409247131
2190,6,3.5,40,Urban,Fair,1,5683,2,1984,737564.5397278937
3803,6,1.5,47,Urban,Good,1,2585,1,1977,894148.3791270753
2278,1,2.0,12,Rural,Fair,1,7823,3,2012,611961.8739103589
3356,6,3.5,8,Rural,Good,1,8314,3,2016,948765.827494745
1575,6,3.0,35,Suburbs,Good,1,9440,2,1989,633680.1619842801
834,3,1.0,21,Downtown,Needs Repair,0,5960,3,2003,415686.0851217932
3053,6,2.0,41,Suburbs,Excellent,0,5770,1,1983,861332.5053426186
3952,1,2.0,25,Suburbs,Excellent,1,2534,1,1999,819241.8655795894
2755,2,2.5,11,Waterfront,Needs Repair,1,5462,1,2013,668673.3486070262
2385,3,1.5,16,Waterfront,Fair,0,6011,3,2008,685542.7386381029
3873,2,2.0,13,Suburbs,Needs Repair,1,8836,1,2011,845781.0301658041
1821,3,2.0,13,Suburbs,Good,1,5398,1,2011,638770.4872429651
3413,5,3.0,33,Suburbs,Excellent,0,4155,1,1991,895142.6629656244
1929,4,3.0,19,Urban,Needs Repair,1,7966,2,2005,624099.1685381591
2300,5,3.5,10,Waterfront,Fair,1,9329,3,2014,861102.5868724919
1502,6,4.0,15,Suburbs,Needs Repair,0,8957,3,2009,662164.5165425126
3249,2,4.0,50,Rural,Excellent,1,3004,3,1974,727939.78077641
3577,6,1.0,30,Rural,Needs Repair,1,4499,2,1994,792293.1134524386
2379,4,4.0,5,Urban,Needs Repair,1,7325,3,2019,734029.0749365411
961,3,2.5,18,Urban,Excellent,1,8733,2,2006,629710.546047238
1001,4,1.0,36,Downtown,Good,1,7135,2,1988,514624.4432082084
2781,1,3.5,3,Downtown,Good,1,2326,3,2021,762468.5182439392
1795,4,3.0,46,Downtown,Excellent,1,6703,1,1978,698013.0046848679
3117,1,4.0,3,Urban,Needs Repair,1,4706,1,2021,749038.311370156
1615,4,1.5,19,Urban,Excellent,0,2001,3,2005,650010.4119092119
1255,1,3.0,9,Urban,Good,0,3033,3,2015,502824.1937120836
2075,2,2.5,23,Rural,Fair,0,4481,2,2001,531889.4625060811
1816,6,3.0,34,Urban,Needs Repair,1,2124,3,1990,661414.6103748691
3143,6,2.5,25,Rural,Good,0,3104,2,1999,838595.5871817105
3567,5,2.5,36,Downtown,Needs Repair,1,8628,3,1988,912138.0331653798
1137,6,2.5,37,Downtown,Excellent,0,4699,1,1987,613010.2106955233
1678,3,3.5,20,Downtown,Fair,0,3861,1,2004,600155.4431861278
1876,4,2.5,39,Suburbs,Excellent,1,7269,3,1985,689261.6166426024
1591,5,2.5,38,Suburbs,Fair,1,8943,2,1986,680879.20546453
3064,3,1.5,20,Waterfront,Needs Repair,0,4920,1,2004,776663.7570164867
1563,3,1.0,9,Waterfront,Needs Repair,1,9507,2,2015,578074.3548084913
3035,1,2.0,37,Waterfront,Excellent,1,2128,3,1987,777571.7925530128
1179,6,1.0,45,Suburbs,Fair,0,2437,3,1979,476512.9524599402
1292,2,2.5,3,Suburbs,Fair,1,6846,1,2021,480346.1211616865
3912,2,1.5,44,Waterfront,Needs Repair,1,4548,3,1980,841476.3062765965
1980,5,3.0,19,Waterfront,Excellent,0,5129,1,2005,759197.3192502498
2862,2,1.5,16,Urban,Fair,1,3221,2,2008,696731.3706385221
864,4,2.5,6,Waterfront,Needs Repair,1,8354,1,2018,544480.4610870599
3368,2,1.5,3,Urban,Good,1,2901,1,2021,809085.2408861042
2167,5,4.0,28,Rural,Excellent,0,8188,2,1996,727221.3602841224
1952,2,1.5,13,Suburbs,Good,0,5168,1,2011,529215.5794168307
2827,4,2.5,2,Waterfront,Excellent,1,7398,1,2022,970699.8019691444
3495,1,3.5,23,Suburbs,Needs Repair,0,8678,3,2001,759643.3440364136
2295,5,4.0,36,Suburbs,Fair,1,7529,2,1988,725818.7251915615
3934,1,1.5,15,Suburbs,Fair,1,8604,1,2009,790368.1174049842
1962,1,2.0,3,Rural,Fair,1,6486,2,2021,556634.168565763
2322,1,2.0,23,Downtown,Excellent,1,5918,2,2001,670891.1534091532
3440,3,1.5,33,Waterfront,Needs Repair,1,3067,1,1991,780790.7375090524
1191,6,3.5,29,Downtown,Good,0,2026,3,1995,588041.0496912728
2498,3,3.0,17,Downtown,Needs Repair,1,8937,2,2007,743910.423806054
1218,6,2.5,18,Downtown,Good,0,9264,1,2006,585343.6834146165
3136,1,2.0,30,Suburbs,Excellent,0,9118,2,1994,751224.6750005279
1178,5,3.0,18,Urban,Excellent,1,2547,3,2006,642899.6484941875
2596,6,1.5,48,Suburbs,Good,1,4668,3,1976,745973.2202011825
3078,4,3.0,45,Suburbs,Good,1,2566,3,1979,794262.6461348081
3865,4,4.0,18,Downtown,Good,0,2703,1,2006,1005925.150527826
2888,2,1.0,21,Suburbs,Needs Repair,1,7338,1,2003,693130.9611491915
3899,6,2.0,23,Downtown,Good,0,6280,3,2001,1020581.7621506117
2982,5,1.5,44,Urban,Excellent,1,5140,1,1980,784464.7209458116
1000,3,2.5,11,Waterfront,Excellent,0,9996,3,2013,647301.5184687827
2663,1,3.5,29,Downtown,Fair,1,9297,1,1995,697527.8184576742
1579,2,4.0,37,Urban,Good,1,3590,3,1987,603738.5913486654
3777,4,1.5,30,Waterfront,Needs Repair,1,8009,2,1994,878536.0015688363
3904,3,2.5,35,Rural,Needs Repair,1,9776,3,1989,830739.6733410165
3919,3,3.5,18,Downtown,Needs Repair,1,6943,3,2006,949878.8125285803
1302,1,3.5,47,Downtown,Fair,1,6694,1,1977,400557.46626289026
3254,6,1.5,44,Rural,Excellent,0,2805,1,1980,789602.1385872515
2551,4,4.0,35,Rural,Needs Repair,0,9798,1,1989,676244.7827017496
1604,5,3.0,29,Downtown,Excellent,1,5791,1,1995,702169.1696231805
2946,3,3.0,48,Rural,Fair,1,3357,1,1976,644296.837111894
3531,1,3.5,32,Suburbs,Good,1,5225,1,1992,772889.9858319615
2695,5,3.0,17,Waterfront,Good,0,5618,2,2007,903047.410720892
3573,6,1.0,48,Waterfront,Good,1,4126,3,1976,935176.1563624304
2370,4,3.5,27,Waterfront,Needs Repair,1,8722,3,1997,781049.1155170888
1760,6,3.5,46,Suburbs,Good,1,7974,3,1978,673116.3779584961
3460,3,2.5,10,Rural,Needs Repair,1,4460,2,2014,801666.4711273737
2285,5,3.0,44,Urban,Fair,1,2545,3,1980,705911.0328108764
3490,5,4.0,32,Rural,Fair,0,7728,2,1992,942066.6472286979
1828,5,3.5,16,Downtown,Needs Repair,1,8312,2,2008,686231.4545948555
1302,3,4.0,5,Waterfront,Excellent,1,4728,2,2019,698951.9331883887
3614,3,1.0,3,Rural,Good,1,5734,3,2021,892714.5908321021
1197,6,2.5,19,Urban,Good,0,8726,2,2005,616285.6568454474
1670,2,1.5,47,Downtown,Good,0,4562,3,1977,510348.8757501826
3642,6,4.0,46,Suburbs,Needs Repair,1,9481,3,1978,972533.7761925709
1192,4,3.5,26,Suburbs,Fair,1,4079,1,1998,510919.7438490318
1006,1,1.0,14,Urban,Good,1,8430,1,2010,435263.87339450966
1838,5,2.0,5,Downtown,Fair,1,4641,2,2019,751771.5213043503
2681,2,1.0,46,Waterfront,Good,1,5114,2,1978,708359.5414651446
3739,1,1.0,13,Rural,Good,0,3926,3,2011,783027.9920905443
2284,2,2.5,10,Downtown,Needs Repair,1,2616,2,2014,622950.360645021
1663,6,1.5,38,Suburbs,Excellent,1,9168,2,1986,651660.4515617548
3590,3,2.0,8,Urban,Needs Repair,1,5644,3,2016,832074.4223029257
1363,5,3.0,25,Urban,Good,1,8413,2,1999,681803.7187989703
1820,6,3.0,15,Rural,Good,1,3203,2,2009,723479.1313611
895,1,4.0,4,Urban,Excellent,1,3759,3,2020,516331.56567378266
2723,1,1.0,9,Urban,Fair,1,4565,3,2015,685405.6099423441
2557,1,2.5,49,Downtown,Fair,0,5174,1,1975,592759.7949551893
3332,1,2.5,2,Waterfront,Good,0,5081,3,2022,904237.4638397222
3078,1,3.0,12,Rural,Fair,1,4630,1,2012,723834.0359490406
3596,2,4.0,42,Downtown,Good,0,5161,2,1982,855520.4371780895
2478,6,4.0,48,Waterfront,Excellent,0,6321,3,1976,871054.4319311295
1340,5,4.0,29,Downtown,Excellent,1,2669,3,1995,695571.0353537748
1859,3,2.0,44,Downtown,Good,1,7859,3,1980,599699.5228711214
3372,3,1.5,5,Urban,Excellent,1,7012,2,2019,915980.5483538952
1983,6,2.0,16,Waterfront,Needs Repair,0,8269,1,2008,702015.8676162505
2522,6,3.5,44,Rural,Needs Repair,0,9099,2,1980,706620.2436038957
3957,3,3.5,50,Rural,Excellent,0,9376,2,1974,870747.7767910454
2619,3,1.5,18,Waterfront,Good,0,5168,3,2006,780615.8575824191
3425,2,3.0,41,Urban,Good,1,4121,1,1983,793632.110241371
3529,4,1.5,34,Suburbs,Excellent,0,9794,2,1990,939442.6256639928
3404,5,2.5,45,Downtown,Fair,1,7310,3,1979,859179.6548486718
2397,1,3.5,25,Urban,Needs Repair,0,6078,2,1999,622198.9457669897
3860,4,1.0,50,Waterfront,Fair,1,7801,2,1974,898025.6059592008
3493,6,1.0,4,Downtown,Good,1,7938,3,2020,1063632.7519497967
1595,3,3.0,28,Rural,Good,1,8079,3,1996,585114.1575118441
1851,4,2.5,36,Suburbs,Fair,1,9883,1,1988,620805.6574490526
2443,5,2.0,19,Rural,Excellent,1,6151,2,2005,753801.9269507854
2163,6,2.5,48,Waterfront,Fair,0,2719,3,1976,695951.3683600314
2781,1,1.0,20,Downtown,Fair,1,4600,3,2004,684991.7837792279
2154,1,1.0,9,Waterfront,Needs Repair,1,8175,1,2015,542005.9217258971
2463,5,3.5,4,Downtown,Needs Repair,1,5598,1,2020,748351.4773424509
2329,5,2.5,35,Urban,Fair,0,6669,3,1989,747568.1531048849
2838,3,2.5,5,Suburbs,Fair,0,2666,1,2019,687166.275828678
2296,1,1.0,25,Urban,Good,1,2283,3,1999,576227.7932512749
3037,6,2.0,3,Urban,Needs Repair,1,7840,2,2021,848276.2052622313
2208,4,3.0,38,Waterfront,Needs Repair,1,5903,1,1986,650140.8792283101
2200,6,4.0,38,Suburbs,Good,0,5565,2,1986,752361.3590701803
2106,2,3.0,49,Downtown,Excellent,1,4234,2,1975,672606.6587289252
3480,2,2.5,34,Downtown,Needs Repair,0,6593,2,1990,802494.0076919816
3475,5,3.0,0,Rural,Needs Repair,0,3465,3,2024,860506.4034252353
1772,3,1.0,23,Downtown,Excellent,1,2129,2,2001,600466.141901197
2568,2,1.0,35,Waterfront,Needs Repair,0,6734,2,1989,732946.5036663587
2082,1,2.5,5,Urban,Needs Repair,0,9459,2,2019,580594.5594219391
1509,6,2.5,40,Urban,Excellent,1,8257,3,1984,664668.6761201229
2279,6,4.0,45,Urban,Excellent,0,9366,2,1979,793205.9771177568
2234,5,4.0,43,Suburbs,Fair,0,4060,2,1981,680575.8025107201
1448,4,3.5,30,Downtown,Good,0,9438,1,1994,605107.8791163462
1117,5,2.5,19,Waterfront,Good,0,5672,3,2005,618378.896304154
2057,4,2.0,23,Suburbs,Excellent,0,9382,2,2001,696817.203388203
1483,5,3.0,24,Rural,Excellent,1,8587,1,2000,628532.764131205
1463,5,2.5,35,Waterfront,Needs Repair,0,9957,3,1989,570570.4050818642
2798,5,1.5,20,Waterfront,Fair,0,9679,3,2004,859174.9306346839
2431,4,3.5,29,Waterfront,Fair,1,4494,3,1995,787751.4084964205
2295,4,1.5,23,Urban,Excellent,1,7081,3,2001,767052.4501164978
1936,5,1.0,43,Waterfront,Needs Repair,1,2992,3,1981,545426.3783882452
2653,2,4.0,41,Downtown,Needs Repair,1,8858,3,1983,706445.3273107443
2320,3,3.0,29,Waterfront,Good,1,4121,2,1995,676037.1105229395
3289,3,2.5,21,Urban,Good,1,4584,2,2003,836502.8731657026
1363,3,1.5,27,Waterfront,Needs Repair,1,6196,2,1997,521168.08878259227
2091,4,3.0,6,Rural,Good,1,4223,2,2018,719138.374548071
3984,4,1.0,34,Rural,Excellent,0,6522,1,1990,889243.8019229101
2436,2,4.0,27,Urban,Needs Repair,0,5188,2,1997,663601.7220587897
3799,3,2.0,13,Downtown,Good,0,5237,3,2011,926064.8511375262
3952,3,3.5,9,Downtown,Fair,1,6136,2,2015,978204.9669022511
1498,5,3.0,15,Suburbs,Needs Repair,1,6524,2,2009,683602.7448757119
2960,4,3.0,15,Urban,Needs Repair,1,2343,3,2009,816529.8093559563
801,3,2.0,30,Waterfront,Fair,1,9591,2,1994,450415.4844560382
1441,6,3.0,41,Urban,Excellent,1,6461,2,1983,620415.0823540103
3067,2,1.0,24,Suburbs,Fair,0,9287,2,2000,698032.9165280927
2389,6,1.0,12,Urban,Needs Repair,0,6704,1,2012,744626.0551892599
1654,6,2.0,5,Urban,Excellent,1,8800,2,2019,764562.174620863
2559,2,3.5,43,Suburbs,Good,1,6823,3,1981,622744.4053291614
3232,6,2.5,8,Downtown,Good,1,4276,3,2016,967361.1973043027
2461,3,1.5,44,Waterfront,Good,1,6920,2,1980,703177.9534925434
1953,4,2.5,35,Suburbs,Needs Repair,0,5201,2,1989,494484.9786160356
1876,2,3.0,42,Rural,Fair,1,7471,2,1982,526979.9845615057
2507,5,1.5,19,Downtown,Excellent,1,2888,3,2005,788588.9597722603
3577,6,2.0,17,Rural,Good,1,4043,3,2007,877698.6076763505
2495,2,2.0,42,Downtown,Excellent,1,3341,1,1982,724090.2274049621
2533,1,3.5,20,Waterfront,Needs Repair,0,9127,1,2004,638856.9339764522
2239,1,1.5,3,Waterfront,Good,0,5720,1,2021,640931.4579363116
3094,4,1.0,49,Urban,Needs Repair,1,4883,3,1975,686097.5134179996
1635,3,1.5,32,Rural,Fair,1,9504,1,1992,502837.16252772906
1002,4,3.0,26,Downtown,Needs Repair,1,7392,2,1998,554749.3182116762
922,4,1.0,6,Waterfront,Needs Repair,0,6212,2,2018,443974.39389292203
1200,4,4.0,5,Suburbs,Fair,1,8961,3,2019,619100.8945665421
1566,4,4.0,14,Waterfront,Excellent,0,4415,1,2010,732600.8563707919
1093,5,4.0,17,Suburbs,Fair,0,3117,2,2007,537971.2475852148
3127,5,2.0,31,Downtown,Fair,1,6263,3,1993,849178.4078626418
3731,2,1.5,10,Waterfront,Needs Repair,1,5001,1,2014,862489.9942024867
997,1,4.0,19,Waterfront,Excellent,0,3738,2,2005,527568.8503988052
3829,4,2.5,23,Downtown,Good,0,3364,1,2001,922510.7247380946
2730,2,3.5,14,Waterfront,Fair,1,4708,3,2010,787099.3821924215
3599,1,2.5,47,Suburbs,Excellent,0,6790,1,1977,777185.7995659698
2991,6,4.0,6,Waterfront,Fair,1,2924,3,2018,986064.5514386973
1408,3,3.5,20,Rural,Fair,1,2151,1,2004,523551.82304320636
1947,5,3.0,41,Urban,Fair,0,2585,2,1983,688101.6290588701
986,6,2.5,25,Suburbs,Fair,0,2912,3,1999,453705.7070443736
3311,1,1.5,43,Rural,Needs Repair,1,4321,3,1981,634233.2598238367
2594,6,1.5,13,Downtown,Excellent,1,7673,3,2011,857031.9178327342
1459,3,2.5,36,Suburbs,Excellent,1,2495,1,1988,523263.89998047287
3611,1,4.0,20,Urban,Excellent,1,5795,1,2004,928051.0199208223
3802,6,1.5,17,Urban,Fair,1,4148,2,2007,1007473.7756642713
2755,5,3.0,4,Downtown,Needs Repair,1,2556,3,2020,861871.4373045523
3250,5,1.0,2,Downtown,Fair,1,7201,3,2022,952063.7754455127
2169,2,4.0,22,Suburbs,Fair,1,3552,1,2002,627391.9478513872
2786,6,3.0,25,Waterfront,Excellent,1,4120,1,1999,980455.9082412149
2334,4,3.5,36,Downtown,Fair,1,5085,2,1988,769430.4938381753
946,6,3.0,23,Waterfront,Good,1,5504,2,2001,642584.0136362453
3711,1,4.0,48,Rural,Fair,1,2156,1,1976,783247.0980470269
2534,1,3.5,18,Urban,Good,0,2734,3,2006,686507.1105554973
2643,6,4.0,50,Waterfront,Fair,1,8275,2,1974,897631.9754665263
1288,3,1.5,24,Urban,Needs Repair,0,9505,1,2000,451375.10287909326
3776,5,1.0,20,Waterfront,Needs Repair,0,9162,1,2004,896424.3855492044
2759,1,4.0,11,Rural,Excellent,0,7523,3,2013,717865.2570918516
2463,5,4.0,40,Downtown,Fair,1,9543,1,1984,782456.1290028705
3398,1,1.5,32,Rural,Good,1,6654,1,1992,709001.6458298491
3185,2,2.0,49,Downtown,Good,0,8250,2,1975,717624.4201587214
3719,4,1.5,3,Downtown,Fair,1,9787,1,2021,951281.7462301302
1440,1,3.5,41,Urban,Good,1,8408,1,1983,482743.520717377
2602,5,1.5,6,Rural,Needs Repair,0,5276,2,2018,674370.7336100847
3320,2,1.5,21,Waterfront,Good,1,9246,3,2003,900806.5398466075
2769,1,1.0,32,Rural,Excellent,1,2154,3,1992,660477.1080931735
2998,3,1.5,16,Urban,Needs Repair,1,9950,2,2008,786892.9803487692
2238,4,4.0,23,Downtown,Needs Repair,1,9131,2,2001,724330.326281355
2434,1,1.0,33,Urban,Needs Repair,1,2996,3,1991,539408.5158382439
1062,2,2.5,27,Suburbs,Fair,0,4294,3,1997,395874.7993278195
2587,3,2.0,42,Suburbs,Fair,0,6626,3,1982,668118.9868572401
2991,6,1.0,40,Waterfront,Needs Repair,0,4905,3,1984,790763.9511855686
3193,2,3.5,38,Urban,Fair,1,8067,3,1986,883103.4218957704
1423,2,2.5,21,Waterfront,Good,0,8681,2,2003,614968.0708604723
1816,3,1.0,48,Waterfront,Fair,0,6824,1,1976,547477.3477971256
1680,2,1.0,16,Suburbs,Fair,1,3177,3,2008,513136.72067020024
2849,3,2.0,33,Waterfront,Needs Repair,1,2153,3,1991,744654.1961123168
3744,1,4.0,5,Suburbs,Excellent,1,9853,1,2019,926392.8398885843
2127,3,3.5,45,Downtown,Excellent,0,6187,1,1979,715674.134360421
3101,3,3.0,5,Urban,Excellent,0,9600,1,2019,861535.694992881
1252,4,3.0,33,Waterfront,Good,1,8481,1,1991,592359.284283558
3908,3,1.0,0,Suburbs,Fair,0,7599,1,2024,842549.6150178663
1983,3,1.5,9,Rural,Excellent,0,3716,1,2015,615952.2866914727
3862,6,3.5,20,Waterfront,Needs Repair,1,5202,2,2004,1032807.8707878956
2856,1,2.5,4,Downtown,Excellent,1,8593,1,2020,798020.5092570193
3970,4,1.5,1,Downtown,Excellent,1,8112,1,2023,1022685.8362707255
2482,6,1.5,21,Rural,Fair,1,4857,2,2003,769946.666801002
3663,5,3.5,47,Suburbs,Fair,1,2786,1,1977,876371.881871905
3055,1,4.0,1,Waterfront,Fair,0,6368,3,2023,827571.1387643827
1954,1,1.0,9,Suburbs,Good,1,8123,3,2015,638372.9889085407
1203,5,1.0,33,Downtown,Good,0,8731,1,1991,518393.1124257486
2999,3,1.0,15,Suburbs,Excellent,0,6272,2,2009,818368.5121436135
2901,6,1.0,47,Downtown,Fair,1,5767,3,1977,760955.2830796828
3991,2,3.0,50,Suburbs,Excellent,0,4878,2,1974,865391.6130937908
2496,4,1.0,38,Rural,Needs Repair,1,2642,3,1986,611178.7367614716
1427,2,3.0,21,Urban,Needs Repair,0,7994,1,2003,481284.8915118792
1386,5,3.0,11,Rural,Fair,1,9216,2,2013,620792.8906453915
2448,1,4.0,23,Rural,Fair,1,6662,2,2001,624844.9546192798
2243,1,1.0,46,Urban,Needs Repair,0,2665,2,1978,410841.11544301215
2245,4,2.0,39,Urban,Fair,0,5426,3,1985,691847.2915309413
903,1,2.5,37,Waterfront,Good,1,5783,3,1987,438530.1486787779
1053,1,1.5,9,Waterfront,Good,1,7427,3,2015,523255.37366597017
3983,4,3.0,34,Rural,Fair,1,9011,1,1990,937063.7247489698
3357,6,3.5,50,Rural,Needs Repair,1,5701,3,1974,848317.7461293418
2296,6,3.5,48,Downtown,Excellent,1,7894,1,1976,793112.2619918536
898,4,2.5,31,Downtown,Fair,1,3069,2,1993,515837.94885855314
3000,5,3.5,6,Waterfront,Fair,1,4349,2,2018,950155.375250746
2684,1,2.0,20,Waterfront,Excellent,1,9011,1,2004,788618.2095103569
3761,1,3.5,19,Downtown,Fair,1,9055,3,2005,914692.5441075767
2719,5,1.5,25,Downtown,Excellent,1,6503,1,1999,887332.8703277117
1677,6,1.5,3,Suburbs,Needs Repair,1,3212,2,2021,607708.1334224056
1137,3,3.0,45,Suburbs,Good,1,8965,2,1979,502832.6748510324
3669,3,1.0,21,Downtown,Needs Repair,1,7949,1,2003,808736.1152519947
1756,3,4.0,14,Suburbs,Good,0,3152,3,2010,578070.8258098
2504,6,2.0,39,Urban,Excellent,0,8704,3,1985,758237.9642541136
960,6,3.0,20,Waterfront,Good,1,9704,1,2004,627080.9087506986
2403,5,2.0,14,Waterfront,Needs Repair,1,9433,1,2010,742361.7050196312
3648,1,1.0,21,Downtown,Good,1,7237,3,2003,901573.4924808259
1197,5,3.5,27,Rural,Excellent,0,4511,2,1997,588556.6530291827
2100,5,3.5,13,Downtown,Good,1,2143,1,2011,780865.2906257826
1615,6,4.0,26,Suburbs,Fair,1,4489,3,1998,667082.6448124893
2327,3,1.0,40,Rural,Needs Repair,0,9367,3,1984,557224.8150855835
2719,2,3.0,39,Suburbs,Fair,1,5228,2,1985,743674.5895423865
2215,1,4.0,27,Urban,Excellent,1,6582,2,1997,655727.4697866731
1958,6,1.0,25,Suburbs,Good,1,6955,2,1999,697162.1639210194
2018,3,2.5,48,Urban,Fair,1,5205,2,1976,630563.8730073079
1200,2,1.5,1,Urban,Fair,1,8031,2,2023,541633.2925641672
1439,2,4.0,24,Suburbs,Good,1,6243,1,2000,603111.188417757
3904,6,4.0,2,Suburbs,Good,1,7455,3,2022,1115260.9576958138
3535,4,3.0,7,Urban,Needs Repair,1,5142,1,2017,906063.5907556129
1259,1,2.0,43,Rural,Fair,1,5304,1,1981,359163.2316037112
1754,2,2.5,32,Urban,Fair,1,3357,1,1992,541385.3667741874
1269,6,3.0,41,Waterfront,Excellent,0,8954,1,1983,660663.8076308973
1845,6,1.0,34,Urban,Needs Repair,1,4713,1,1990,612085.4522683105
3597,3,1.0,5,Rural,Excellent,0,6185,2,2019,866302.4493830117
2493,4,1.0,38,Waterfront,Fair,1,3357,2,1986,699114.7809876364
2885,1,1.0,22,Downtown,Excellent,1,6294,3,2002,806611.7491344756
3077,5,2.0,24,Downtown,Fair,0,9328,1,2000,837728.4380268567
1362,3,2.5,49,Rural,Fair,1,6633,3,1975,494699.661038613
3285,2,3.5,42,Urban,Excellent,0,5192,2,1982,857428.3579129927
2599,2,1.5,18,Suburbs,Excellent,1,2300,2,2006,721516.3315375639
2874,3,2.0,4,Rural,Good,1,2723,2,2020,717762.0098779026
1025,6,2.0,50,Waterfront,Good,1,7694,1,1974,582992.3489202947
1597,2,3.5,10,Waterfront,Good,0,5010,1,2014,685854.229033945
3131,4,3.5,11,Downtown,Fair,0,7555,2,2013,833868.3939593988
3726,1,1.5,9,Waterfront,Excellent,1,2067,3,2015,928105.245171114
1759,4,1.5,7,Rural,Needs Repair,1,5836,3,2017,610899.2555900459
2304,2,3.5,23,Waterfront,Fair,1,5993,2,2001,711105.3820063708
1252,5,1.0,27,Rural,Needs Repair,1,4506,3,1997,495126.6345092162
3867,1,2.0,40,Suburbs,Excellent,1,3537,2,1984,873010.7308579737
1615,1,3.0,35,Downtown,Fair,1,2397,3,1989,516695.1884944641
1458,3,1.5,36,Waterfront,Needs Repair,1,6715,2,1988,515544.7156256662
1346,3,1.5,20,Rural,Needs Repair,0,5357,3,2004,443441.128007406
2015,5,3.5,7,Urban,Good,0,7680,1,2017,763084.1764591095
3920,6,2.5,8,Downtown,Good,1,3163,2,2016,1123393.0730468882
816,1,3.0,46,Suburbs,Good,0,6825,2,1978,352606.5452195806
2043,5,3.0,14,Rural,Fair,1,2555,3,2010,672130.3788616325
3005,3,1.5,47,Suburbs,Excellent,1,8048,2,1977,788742.6268705928
3324,3,1.0,45,Suburbs,Excellent,0,8924,2,1979,760932.3300327462
1869,1,2.5,39,Waterfront,Good,0,5661,2,1985,549713.3562820428
3365,4,3.0,17,Waterfront,Good,1,3751,1,2007,916254.6411814213
2946,2,1.5,41,Rural,Good,1,4941,1,1983,634428.7643262588
2568,3,3.0,19,Urban,Needs Repair,1,4657,3,2005,700119.0160538983
1860,6,4.0,5,Rural,Good,1,4795,1,2019,753947.9876899652
3127,6,2.5,11,Urban,Needs Repair,1,4329,3,2013,871924.1509422397
3344,3,2.5,1,Suburbs,Excellent,1,8804,1,2023,941303.9040770556
1101,4,4.0,6,Downtown,Fair,1,9067,3,2018,664910.4211452535
980,4,2.0,15,Rural,Fair,1,9983,1,2009,463809.66402000876
1406,5,4.0,2,Rural,Fair,1,7091,1,2022,664136.1805609536
3970,6,3.5,44,Urban,Fair,0,3959,3,1980,1014797.5544887487
1499,5,3.5,2,Suburbs,Needs Repair,1,3601,2,2022,574026.9069010742
1792,6,1.5,26,Suburbs,Needs Repair,1,4793,2,1998,617569.428586219
1939,2,2.5,49,Urban,Good,0,3480,1,1975,507557.7567509726
990,2,2.0,42,Suburbs,Needs Repair,0,8230,3,1982,400241.9494099733
3100,1,2.0,39,Waterfront,Good,1,3102,2,1985,727011.8144417931
1780,5,3.0,37,Downtown,Good,1,5276,3,1987,644195.5053406799
3775,3,3.0,32,Rural,Fair,1,8934,2,1992,867525.4954999351
2806,5,4.0,27,Downtown,Needs Repair,0,9504,3,1997,804010.8308770264
1984,3,2.0,0,Rural,Needs Repair,0,9421,1,2024,614692.5579361366
927,4,4.0,7,Waterfront,Good,1,8447,3,2017,633026.6250335464
2865,5,4.0,36,Suburbs,Good,1,7499,2,1988,844719.8065243517
2616,4,3.0,31,Urban,Excellent,1,8273,1,1993,854139.3128149249
2558,2,2.5,47,Waterfront,Excellent,1,8739,3,1977,803850.858666424
3413,2,4.0,42,Downtown,Good,1,3299,2,1982,848780.1760986685
1369,1,1.0,36,Urban,Excellent,1,7818,1,1988,464612.66862343176
2146,5,2.5,3,Suburbs,Excellent,1,8701,3,2021,826391.8936863326
2695,4,2.0,29,Waterfront,Good,1,6994,2,1995,831889.5185817516
3533,3,2.0,5,Urban,Good,1,7302,3,2019,891861.9291035354
1425,2,4.0,45,Waterfront,Needs Repair,1,9435,3,1979,558965.1173177152
3701,2,2.5,18,Waterfront,Good,1,5879,1,2006,887994.1784232876
2486,3,3.0,31,Suburbs,Good,1,9489,1,1993,730518.5580503683
3809,4,3.0,8,Rural,Fair,0,3535,2,2016,876318.2878635108
954,4,3.5,11,Urban,Needs Repair,1,9779,1,2013,587378.8873011185
3337,5,2.0,10,Suburbs,Needs Repair,0,2077,2,2014,849335.2487481112
2209,5,1.5,45,Waterfront,Needs Repair,1,4831,3,1979,608824.2416364214
1584,6,3.5,15,Suburbs,Fair,1,5410,3,2009,695622.2012130955
3975,6,3.0,0,Rural,Good,1,4721,2,2024,1029212.3386774609
1045,1,2.5,44,Urban,Needs Repair,0,5627,3,1980,326193.19210655906
3910,2,3.0,20,Rural,Needs Repair,1,3532,1,2004,823073.1057940526
2300,5,2.5,29,Downtown,Excellent,1,2237,3,1995,761845.187509945
2505,4,3.5,12,Urban,Needs Repair,1,7253,1,2012,769358.972949533
3606,3,2.0,33,Rural,Good,1,3996,2,1991,826019.6226099803
1337,4,3.0,3,Waterfront,Good,1,7311,2,2021,696647.7432482595
2690,2,4.0,27,Urban,Excellent,1,5427,3,1997,797049.864143774
2641,6,2.5,37,Urban,Needs Repair,0,2277,3,1987,751829.5485783494
1720,4,2.0,30,Suburbs,Needs Repair,0,5089,1,1994,542686.5651823395
3255,1,1.5,26,Waterfront,Needs Repair,1,2523,1,1998,712512.5321022505
1324,2,2.5,4,Downtown,Fair,1,6275,3,2020,525618.7793045929
3675,6,3.5,24,Rural,Needs Repair,0,6218,3,2000,902688.4165839298
2329,3,1.5,2,Suburbs,Good,0,7365,2,2022,686633.1723552366
3750,6,1.5,32,Rural,Good,0,7853,2,1992,865991.273064509
835,1,1.0,3,Downtown,Fair,1,9540,2,2021,439170.0939999459
1484,2,3.0,24,Downtown,Fair,1,5122,3,2000,598040.1562197085
819,3,2.5,19,Urban,Needs Repair,1,7190,3,2005,481850.71100278775
3168,1,1.5,33,Downtown,Excellent,1,6575,3,1991,810763.7843201462
3359,6,1.0,25,Rural,Fair,1,9727,2,1999,885816.3580161467
1199,1,3.5,4,Waterfront,Fair,0,9186,3,2020,634238.8659289015
3501,2,2.0,34,Waterfront,Needs Repair,0,3797,1,1990,778950.9149653509
1771,5,4.0,27,Urban,Needs Repair,0,4131,3,1997,666074.0706036504
2706,1,4.0,28,Rural,Fair,1,9322,3,1996,649842.5591699154
3318,1,2.5,8,Rural,Excellent,1,8708,3,2016,864724.563830688
1966,6,1.5,37,Downtown,Fair,0,8762,3,1987,699664.9205091669
1915,6,4.0,49,Rural,Needs Repair,1,8500,3,1975,648856.4696370197
1633,3,3.0,5,Suburbs,Needs Repair,1,2815,1,2019,544695.8562779528
2623,6,4.0,18,Downtown,Fair,1,4694,1,2006,844962.1368999226
3574,4,4.0,43,Suburbs,Excellent,0,2442,3,1981,948013.3063508269
2782,2,4.0,10,Urban,Fair,1,5140,2,2014,779149.2321222788
1653,2,1.0,1,Waterfront,Fair,1,8666,3,2023,606429.6432338925
850,5,1.5,46,Urban,Needs Repair,0,2142,3,1978,366563.59585809655
1374,5,3.0,43,Waterfront,Excellent,1,6287,3,1981,696652.9638338857
1948,2,1.5,43,Urban,Good,0,3410,2,1981,509961.70887346653
2997,5,2.5,8,Rural,Excellent,1,6473,2,2016,857782.3334250103
3161,3,2.5,20,Suburbs,Fair,1,8724,2,2004,772305.3209217358
3417,6,2.5,23,Waterfront,Fair,1,2534,1,2001,978000.7207851349
3152,2,3.5,33,Downtown,Fair,1,3716,2,1991,779239.301736507
2515,5,4.0,21,Suburbs,Excellent,1,5364,1,2003,802512.8402892794
1481,2,3.5,2,Downtown,Needs Repair,1,3032,1,2022,534172.9157600135
1637,4,1.0,11,Suburbs,Fair,1,5342,2,2013,595233.9616789685
1877,1,2.5,27,Suburbs,Fair,1,3410,2,1997,521465.22614809935
3850,6,3.0,29,Urban,Excellent,1,8236,2,1995,1072409.8124331182
3291,2,1.5,25,Waterfront,Good,1,8085,1,1999,832851.4477397093
3460,1,4.0,47,Waterfront,Good,1,8672,3,1977,830054.3267067675
3840,5,2.0,20,Suburbs,Needs Repair,1,7273,2,2004,951320.2562979059
3111,1,3.0,27,Rural,Needs Repair,1,6500,2,1997,628402.615188542
3924,6,4.0,25,Rural,Fair,1,8983,2,1999,1033861.0972383432
2395,2,3.5,32,Downtown,Excellent,1,3172,1,1992,736077.1276448633
3851,4,3.5,20,Downtown,Fair,1,2888,1,2004,953494.6888866245
804,5,3.0,34,Urban,Needs Repair,1,5338,3,1990,485892.6757141667
1926,2,3.5,33,Suburbs,Excellent,1,6517,2,1991,627670.9359227933
2019,6,2.5,40,Downtown,Excellent,1,3641,1,1984,753519.8560927334
1573,5,1.0,50,Downtown,Needs Repair,1,2471,3,1974,534592.6763055671
1676,3,1.5,46,Suburbs,Good,1,4940,2,1978,487836.2072084399
1791,1,1.0,17,Urban,Good,1,2546,1,2007,527598.9457685691
3731,6,4.0,10,Downtown,Excellent,1,6726,2,2014,1173051.9400716433
846,3,1.5,22,Urban,Fair,1,5597,2,2002,443321.9578760308
3714,2,1.5,47,Waterfront,Good,1,9670,1,1977,843856.8732673576
3670,4,1.0,21,Urban,Fair,0,7133,1,2003,929061.985172566
3783,5,3.0,16,Rural,Good,0,4825,1,2008,932236.1871713427
3503,1,1.5,4,Rural,Good,0,5723,2,2020,775510.8971140863
1068,5,1.0,43,Urban,Fair,1,7925,2,1981,493396.2262860082
1169,2,1.5,10,Rural,Needs Repair,0,2363,3,2014,402600.89982797846
1435,5,2.0,29,Waterfront,Good,0,4166,2,1995,612913.7516365304
1929,1,3.0,14,Suburbs,Good,1,5309,1,2010,588594.7258211251
2493,2,2.5,26,Rural,Fair,1,2545,2,1998,642240.5123031031
2482,5,1.5,34,Rural,Needs Repair,1,5240,3,1990,646297.9693629573
1456,4,2.0,32,Urban,Good,1,8665,3,1992,580125.1806861991
919,6,2.5,19,Waterfront,Good,0,6729,1,2005,602232.4657359405
1630,2,2.5,15,Suburbs,Needs Repair,1,3936,1,2009,464246.8154604745
2610,6,4.0,33,Urban,Good,1,7776,3,1991,848894.816144453
1881,2,1.5,1,Urban,Needs Repair,1,2962,3,2023,541752.6022907972
2774,4,1.0,34,Waterfront,Needs Repair,1,5005,3,1990,720609.3242899592
2169,6,1.5,39,Suburbs,Fair,1,5806,1,1985,692464.369671173
1540,3,2.0,27,Waterfront,Excellent,1,2882,3,1997,690021.4229063841
916,1,2.5,46,Suburbs,Needs Repair,1,5840,3,1978,329315.65851575596
2653,3,1.5,38,Waterfront,Fair,0,8923,1,1986,720259.0925428612
3638,5,1.0,5,Urban,Excellent,0,2870,2,2019,968351.8141772308
1950,4,4.0,8,Urban,Good,0,6611,2,2016,666751.8313438003
2731,3,1.5,19,Downtown,Excellent,0,4985,3,2005,753638.2726441917
1812,2,3.0,0,Rural,Needs Repair,1,7516,2,2024,596717.9287349422
2464,5,4.0,7,Waterfront,Needs Repair,0,2865,2,2017,823179.5551575874
1881,5,1.0,22,Downtown,Needs Repair,1,8249,2,2002,650963.2407535991
1433,3,2.0,2,Rural,Needs Repair,0,7204,2,2022,496135.6404660983
1312,3,2.5,3,Waterfront,Needs Repair,0,6309,3,2021,502499.9661819708
3649,4,1.5,24,Suburbs,Fair,1,9288,2,2000,855934.2504296248
1919,1,1.0,46,Rural,Needs Repair,0,5203,2,1978,365099.76463058515
1941,3,4.0,37,Urban,Fair,1,4897,1,1987,637498.0573727214
1359,3,3.0,14,Downtown,Good,1,4244,3,2010,591348.8671075021
1287,6,1.0,20,Rural,Needs Repair,0,2018,1,2004,523352.0152439125
1696,2,3.5,34,Rural,Needs Repair,0,2641,1,1990,495634.1501358227
2012,6,3.0,45,Urban,Excellent,1,5083,3,1979,803425.9533866259
1503,6,4.0,13,Waterfront,Good,0,7200,2,2011,732954.6101907033
2270,5,2.0,35,Suburbs,Needs Repair,0,2329,1,1989,622371.7363642472
1380,1,2.5,11,Urban,Needs Repair,0,2865,3,2013,433499.27733186394
3637,2,4.0,16,Suburbs,Good,0,2773,2,2008,882251.1545469987
3708,4,2.0,38,Waterfront,Fair,1,6487,3,1986,905966.5877176812
3094,4,1.5,8,Rural,Needs Repair,1,6732,1,2016,795544.6910265436
3947,3,1.0,34,Suburbs,Excellent,1,4354,2,1990,870212.0534938835
953,3,3.5,12,Downtown,Needs Repair,0,5338,2,2012,421222.8292598671
2479,4,3.0,14,Downtown,Excellent,0,5518,3,2010,891453.4244722949
1796,3,3.0,17,Urban,Excellent,1,9608,2,2007,712714.9003870379
3957,1,1.0,50,Waterfront,Needs Repair,1,4942,1,1974,723686.1970674562
3544,6,3.5,32,Urban,Needs Repair,1,8795,1,1992,925206.8665479259
2043,3,1.0,5,Urban,Excellent,1,8984,1,2019,680064.2871584934
1892,5,1.5,26,Urban,Good,1,7121,3,1998,680077.2434041332
3918,3,2.0,22,Downtown,Good,1,4567,2,2002,960618.4250774446
1808,2,4.0,26,Downtown,Needs Repair,1,9929,2,1998,619718.3727871089
2941,1,3.0,33,Urban,Fair,1,3674,2,1991,703131.8706152554
2573,2,1.5,45,Downtown,Good,1,4683,1,1979,637022.5933992852
1757,2,2.0,37,Waterfront,Needs Repair,0,5380,2,1987,536310.1227258403
3859,5,1.5,13,Urban,Good,1,2739,1,2011,901281.2534498932
1252,1,3.5,35,Downtown,Fair,1,3545,2,1989,441057.01920218684
2027,1,3.0,7,Suburbs,Needs Repair,1,6564,1,2017,539010.115002315
3759,1,4.0,34,Urban,Fair,1,4259,2,1990,874332.7331900868
3065,1,1.0,18,Urban,Needs Repair,1,3135,3,2006,643252.2215296458
3321,1,1.0,29,Waterfront,Fair,0,7127,3,1995,724706.3382312865
3279,5,2.0,13,Rural,Good,1,8947,1,2011,887064.826383508
3188,3,4.0,19,Rural,Good,1,8620,1,2005,806037.5725727082
1350,2,2.5,48,Waterfront,Fair,1,2873,2,1976,470343.2055247493
2435,1,3.5,24,Waterfront,Fair,1,6555,2,2000,776459.317026451
2112,3,2.0,39,Waterfront,Fair,1,4300,3,1985,671414.1566201042
2557,3,2.5,23,Rural,Needs Repair,1,7645,2,2001,651443.7817775598
1156,2,1.5,13,Waterfront,Good,1,2751,1,2011,505021.1562216745
2870,5,3.5,25,Downtown,Needs Repair,1,7557,1,1999,844509.6275866441
2585,4,1.5,37,Urban,Good,1,7873,1,1987,735501.112903139
3369,4,4.0,22,Urban,Excellent,1,9124,1,2002,970237.9846835281
2581,3,3.0,21,Suburbs,Needs Repair,0,2853,1,2003,653021.7982671828
3971,6,3.5,47,Suburbs,Good,1,5732,3,1977,963414.5455868609
3649,6,2.5,18,Urban,Good,0,4283,3,2006,934564.6834979319
3609,2,3.0,45,Downtown,Needs Repair,1,3329,1,1979,759190.3317267948
3289,4,1.0,50,Rural,Needs Repair,1,2477,2,1974,661236.4444396157
2431,3,2.5,2,Rural,Good,1,4726,1,2022,714362.3710302109
3616,5,2.0,41,Downtown,Needs Repair,1,5091,3,1983,873270.3923141687
1815,4,1.0,18,Rural,Fair,0,8359,1,2006,531361.7681951686
2148,3,1.0,8,Waterfront,Needs Repair,0,8998,3,2016,658585.9537848907
1315,3,2.0,27,Urban,Needs Repair,1,6230,3,1997,472853.0164333523
3887,1,3.5,19,Urban,Needs Repair,1,9048,1,2005,920788.0413404208
3639,5,1.0,44,Downtown,Good,1,7248,1,1980,900677.2689688887
1135,1,4.0,6,Rural,Fair,0,6505,2,2018,415456.79038901214
2582,2,2.5,13,Suburbs,Excellent,0,7541,3,2011,804120.4530065875
3105,1,3.0,8,Suburbs,Excellent,0,7413,2,2016,790820.5298812825
1296,1,1.0,18,Rural,Fair,0,3269,1,2006,332002.8902765949
1695,4,2.5,46,Suburbs,Fair,1,9868,3,1978,651900.5995763056
3007,6,1.5,13,Downtown,Fair,1,7675,2,2011,901800.0997338669
1651,3,2.5,37,Downtown,Good,1,6181,2,1987,608077.9802161646
2487,5,3.0,35,Rural,Excellent,1,4603,2,1989,770056.8034761645
2731,1,2.5,39,Suburbs,Fair,0,7961,1,1985,616275.3085128659
3537,5,2.0,16,Downtown,Good,1,9542,1,2008,949087.8418944104
3227,6,3.0,29,Downtown,Excellent,0,3469,1,1995,930117.2763518678
2368,6,3.5,8,Waterfront,Needs Repair,0,2377,3,2016,854350.988377321
1756,1,1.5,32,Waterfront,Good,1,9557,1,1992,570798.6265962042
3538,2,2.0,24,Downtown,Excellent,0,3680,3,2000,914487.4511914841
2436,1,3.5,13,Rural,Good,0,7170,2,2011,645456.646183145
2091,4,2.5,10,Urban,Excellent,1,2241,2,2014,715693.4926796877
2240,3,3.0,34,Urban,Excellent,1,9461,1,1990,678038.5057839584
1991,2,1.5,40,Downtown,Needs Repair,1,2919,2,1984,521685.0955546212
1866,1,2.0,13,Downtown,Good,0,7682,1,2011,628132.9423523592
1084,5,3.5,29,Downtown,Fair,0,8409,3,1995,563065.8097526049
3244,2,3.5,40,Rural,Needs Repair,1,9287,2,1984,745436.1770591406
811,2,1.5,3,Waterfront,Needs Repair,0,8855,1,2021,383656.5285295775
2430,1,4.0,3,Downtown,Excellent,1,7367,2,2021,777664.0996881432
3346,2,2.5,27,Downtown,Fair,0,2069,2,1997,784283.1035612364
1553,5,1.5,7,Suburbs,Good,1,5924,1,2017,574221.1774298879
2882,6,3.5,1,Rural,Fair,0,8200,2,2023,879759.3024181186
3574,2,1.0,40,Downtown,Fair,1,7501,2,1984,764003.9857974857
3696,6,2.0,45,Suburbs,Fair,1,4086,2,1979,916472.7767721482
889,5,1.5,21,Urban,Fair,1,4007,2,2003,490922.9807353941
1575,1,4.0,40,Downtown,Fair,0,2800,3,1984,533933.1705840275
3452,3,3.5,15,Downtown,Excellent,1,9610,2,2009,973962.0513976555
3817,2,2.5,28,Suburbs,Excellent,1,7137,2,1996,866863.6144051147
2425,3,3.5,48,Rural,Needs Repair,1,4779,1,1976,544036.1975689121
3869,5,2.5,47,Downtown,Excellent,1,6920,3,1977,955179.714893261
1217,2,1.5,29,Urban,Needs Repair,0,2755,1,1995,390813.7349782997
914,6,2.5,11,Downtown,Needs Repair,0,8495,1,2013,623306.9275780699
1416,4,3.0,34,Urban,Good,1,3995,1,1990,577432.1441155539
1625,3,3.0,10,Waterfront,Fair,0,7935,3,2014,711086.4064601302
2449,2,3.0,45,Waterfront,Excellent,1,3321,1,1979,757962.1987236706
2316,3,4.0,49,Urban,Good,1,4330,1,1975,650499.9197037774
3946,2,4.0,20,Rural,Excellent,1,7705,1,2004,975384.4794297188
1212,1,1.0,20,Downtown,Needs Repair,1,2109,2,2004,364487.75925462454
1528,6,4.0,4,Downtown,Excellent,1,3016,1,2020,761518.7639138493
3868,3,1.5,47,Waterfront,Fair,0,9347,3,1977,886677.2302219108
3608,4,3.5,19,Urban,Needs Repair,0,8057,3,2005,902149.0593301861
1475,4,3.5,36,Downtown,Needs Repair,1,8687,2,1988,591526.0838955845
2692,5,1.0,2,Downtown,Good,0,7865,3,2022,818998.3979232758
3304,2,4.0,43,Rural,Fair,0,5865,3,1981,777098.0833574893
3767,3,2.5,32,Suburbs,Needs Repair,1,2024,2,1992,840412.3224909442
3039,5,1.0,8,Waterfront,Fair,1,6938,1,2016,887328.9059733346
3586,3,2.5,8,Waterfront,Excellent,1,4838,2,2016,1061778.3572582235
1922,2,2.5,3,Suburbs,Fair,0,2737,1,2021,615606.7794597492
2371,4,2.0,34,Downtown,Needs Repair,0,8200,1,1990,677241.8787060139
1777,1,3.5,16,Rural,Good,0,2179,3,2008,529929.6012362975
1808,4,3.0,33,Rural,Needs Repair,1,2231,2,1991,551407.9841344297
2943,5,4.0,23,Waterfront,Fair,1,3917,3,2001,928249.2208926326
2487,6,2.5,31,Rural,Fair,1,2342,3,1993,732157.2412058281
3510,1,2.0,0,Suburbs,Needs Repair,1,6572,1,2024,768592.9161907459
836,5,3.5,7,Downtown,Fair,1,7918,3,2017,536818.6177137106
2348,2,3.0,44,Suburbs,Excellent,1,4623,2,1980,676847.9622737447
3126,1,2.5,22,Urban,Needs Repair,1,2454,3,2002,731913.4165065007
3064,5,2.5,46,Waterfront,Good,1,7351,3,1978,852021.434315295
3714,2,1.0,39,Rural,Needs Repair,1,6384,1,1985,733675.0594916147
1672,4,1.0,11,Urban,Excellent,1,7332,2,2013,643714.1996504742
2621,6,3.5,11,Rural,Excellent,1,8401,3,2013,876659.1245277878
2096,2,3.0,45,Downtown,Excellent,1,6625,1,1979,690847.8158209006
2909,3,2.5,46,Downtown,Excellent,1,8830,3,1978,790280.9682935795
1395,2,3.5,14,Downtown,Excellent,1,9072,2,2010,613345.5663392034
2703,2,3.5,40,Rural,Good,1,4276,3,1984,728475.03096932
1528,6,1.5,18,Urban,Fair,0,9393,3,2006,645298.2990439085
2165,3,4.0,25,Downtown,Excellent,0,2595,1,1999,759121.367796932
1196,5,1.0,28,Urban,Excellent,1,5874,3,1996,540808.914145132
1498,5,3.0,21,Rural,Needs Repair,1,6530,1,2003,514291.9019122744
3890,2,2.5,39,Urban,Good,0,6977,2,1985,835496.6645326474
3024,3,3.5,20,Rural,Good,1,9164,3,2004,802476.1767040193
2435,3,2.5,50,Rural,Fair,0,7877,2,1974,556536.4021004066
1195,6,1.5,37,Waterfront,Good,0,6497,2,1987,611313.8942929
3292,4,3.0,19,Rural,Needs Repair,1,4669,3,2005,826682.8250597034
875,5,3.5,28,Rural,Needs Repair,0,9933,1,1996,439970.7136648439
1064,6,2.5,50,Suburbs,Fair,0,4135,2,1974,466717.0390182759
3302,1,1.0,3,Downtown,Needs Repair,1,8727,2,2021,738831.5569844531
2619,5,4.0,6,Waterfront,Excellent,1,5964,3,2018,940723.4260332087
1517,6,1.5,27,Waterfront,Excellent,1,3565,3,1997,637008.2690006625
3582,5,3.0,27,Waterfront,Needs Repair,1,9851,3,1997,957503.790815654
1650,4,1.5,3,Suburbs,Fair,1,2308,3,2021,591126.8692189706
2190,1,1.0,21,Rural,Good,0,9049,3,2003,541900.6246552028
943,4,3.0,11,Downtown,Fair,1,2342,3,2013,516305.89436973684
1684,1,1.5,44,Urban,Good,0,2435,1,1980,458589.924974508
3940,2,2.0,2,Rural,Needs Repair,1,2176,2,2022,910141.7476825124
3970,6,1.0,21,Suburbs,Needs Repair,1,2138,1,2003,884667.4543193653
1195,1,1.0,43,Rural,Excellent,1,2193,1,1981,388205.88416917046
3896,4,1.0,1,Rural,Good,0,5257,3,2023,929684.4943644188
3795,5,2.0,23,Suburbs,Fair,1,9385,2,2001,954737.596753473
3738,1,2.0,33,Waterfront,Needs Repair,0,5235,1,1991,758051.3179031151
2292,6,2.5,26,Waterfront,Fair,0,7280,3,1998,800703.4938929803
1967,1,3.5,40,Downtown,Excellent,1,2942,3,1984,660747.7206909588
3416,3,4.0,0,Downtown,Good,0,6620,2,2024,916357.5711713047
1862,5,1.5,7,Waterfront,Good,1,5879,1,2017,723944.7980654564
2956,6,2.5,22,Urban,Needs Repair,0,7720,1,2002,853970.0062346751
1865,6,1.5,37,Rural,Good,1,5113,1,1987,638326.44080584
2009,2,4.0,5,Urban,Needs Repair,1,4962,3,2019,613482.4218314927
3782,4,3.5,21,Rural,Excellent,1,8353,2,2003,966087.2436665687
3245,2,2.0,24,Waterfront,Good,1,6836,2,2000,864770.2354350209
1433,6,3.5,17,Downtown,Needs Repair,1,6957,1,2007,664637.8435796329
1956,5,2.0,16,Downtown,Fair,1,9442,3,2008,758364.0356372986
2038,1,4.0,11,Urban,Needs Repair,1,2953,1,2013,590993.5766450189
1532,1,3.5,5,Downtown,Good,1,3302,2,2019,600368.5944398735
1034,5,2.5,25,Waterfront,Excellent,1,7370,3,1999,679733.8926578148
3505,6,3.0,26,Urban,Good,1,5381,1,1998,1008046.9923258367
1550,1,2.5,7,Rural,Good,1,7839,1,2017,497540.6646170635
3435,1,1.5,18,Downtown,Needs Repair,1,4880,3,2006,754095.7348883565
3880,1,2.5,41,Suburbs,Fair,1,4187,2,1983,766485.9350304687
3945,4,4.0,0,Downtown,Good,1,6887,3,2024,1049824.3469958676
1753,4,1.0,28,Rural,Fair,0,2545,1,1996,505923.7010317514
3339,3,1.5,44,Urban,Needs Repair,0,7940,1,1980,694324.4120217444
3760,2,3.5,48,Rural,Fair,1,7112,1,1976,795829.4319130793
2342,5,1.5,34,Suburbs,Needs Repair,0,3927,1,1990,664467.4793157263
1997,5,3.0,39,Waterfront,Excellent,1,7649,2,1985,836593.1310711846
2476,5,2.0,13,Downtown,Fair,1,6152,2,2011,853381.343360649
1991,3,3.5,34,Urban,Fair,1,8255,1,1990,685554.5752519737
3017,4,1.5,47,Waterfront,Excellent,0,2004,2,1977,888160.5457535647
2216,6,3.5,44,Rural,Fair,0,5481,2,1980,693900.8900343769
3793,6,3.5,19,Urban,Excellent,1,7533,2,2005,1060024.3825206624
3642,3,3.5,48,Waterfront,Good,1,5253,1,1976,874053.2229154356
3481,6,2.0,12,Urban,Needs Repair,1,9180,3,2012,986939.9182232455
2017,5,4.0,37,Suburbs,Excellent,1,3362,3,1987,739908.7950843126
2340,2,2.5,48,Suburbs,Fair,1,3820,3,1976,593883.9454753805
2876,1,3.5,45,Downtown,Excellent,1,7378,1,1979,738317.8673613856
2245,4,1.0,48,Downtown,Fair,1,8233,2,1976,624539.7818105215
3186,4,4.0,7,Suburbs,Good,0,4663,2,2017,903727.7786933078
2319,3,3.0,42,Urban,Excellent,1,4938,1,1982,662883.2952962789
2188,4,2.0,19,Suburbs,Good,1,8841,1,2005,702119.1539742429
2656,5,1.5,32,Downtown,Needs Repair,1,3273,3,1992,765097.4058540539
2165,6,2.0,25,Suburbs,Fair,0,5326,3,1999,645870.9247502354
1299,5,1.5,38,Suburbs,Fair,1,5659,1,1986,461905.6436576866
2480,3,2.0,20,Urban,Good,1,4945,3,2004,741993.2988450917
1310,5,1.5,48,Waterfront,Needs Repair,1,5018,2,1976,546509.0362098259
1016,6,3.5,41,Downtown,Excellent,0,3131,1,1983,582858.2180958096
2124,2,2.5,42,Urban,Excellent,1,6763,1,1982,571967.7815486639
1955,3,1.5,40,Suburbs,Fair,1,8737,2,1984,610892.7252182226
2627,2,1.5,8,Suburbs,Good,1,4636,2,2016,674398.0454425643
3941,1,1.0,23,Waterfront,Good,1,8628,2,2001,892452.6097121716
2610,2,1.5,36,Downtown,Excellent,1,5029,3,1988,730716.3461695933
3292,1,1.0,48,Downtown,Needs Repair,1,5019,1,1976,619401.9988426773
3723,1,3.0,40,Rural,Needs Repair,1,7377,3,1984,733551.1081852842
2005,2,3.5,16,Downtown,Excellent,1,8782,2,2008,703425.9942230773
3014,3,1.0,23,Waterfront,Excellent,0,7092,3,2001,912297.8568278305
890,6,2.5,20,Rural,Good,1,8022,2,2004,580898.4076527584
1513,5,4.0,50,Rural,Needs Repair,0,6377,3,1974,550570.5202185154
2681,5,3.5,38,Suburbs,Excellent,1,9129,3,1986,786702.003227963
838,6,1.0,40,Suburbs,Excellent,0,5159,2,1984,511840.7568516676
3997,1,3.5,38,Downtown,Fair,0,7323,3,1986,898891.006252284
972,1,3.5,12,Rural,Excellent,1,8159,1,2012,428751.00579444505
1452,3,3.5,10,Suburbs,Excellent,0,9318,3,2014,657651.3040042149
1553,4,3.0,45,Waterfront,Needs Repair,1,7031,3,1979,607149.7748877606
2043,2,2.5,18,Suburbs,Good,0,2253,1,2006,596295.9775578132
1881,1,2.0,10,Suburbs,Needs Repair,1,7307,2,2014,508779.9179489932
2483,5,2.0,12,Rural,Good,1,2328,1,2012,720487.9392925192
3323,3,1.0,45,Rural,Fair,1,4591,3,1979,734815.7079360359
1255,2,3.5,44,Urban,Excellent,1,4830,2,1980,524683.5610265295
1628,3,1.0,0,Waterfront,Fair,0,5044,3,2024,654548.5466732068
1694,2,3.0,39,Rural,Good,1,3420,3,1985,520070.44670520327
2184,2,3.0,43,Downtown,Needs Repair,0,7636,1,1981,583867.6799586349
2758,6,1.5,18,Waterfront,Needs Repair,1,9626,1,2006,850472.0194097528
3872,1,3.0,11,Waterfront,Fair,1,5401,2,2013,896304.5189008241
3234,3,1.5,7,Rural,Good,1,9987,2,2017,820034.5810607004
2796,3,2.5,7,Waterfront,Fair,0,4892,2,2017,794889.3657944311
3195,6,1.0,44,Rural,Fair,1,7288,3,1980,830505.3798442123
989,5,4.0,11,Suburbs,Excellent,0,7812,1,2013,637306.9914011208
1304,5,2.5,47,Urban,Fair,1,8509,1,1977,537998.6261368323
2014,1,3.0,32,Suburbs,Excellent,1,7297,1,1992,564129.4578967202
2331,1,2.5,44,Rural,Excellent,1,2654,2,1980,516512.75003638375
1623,4,2.5,25,Rural,Needs Repair,0,7481,1,1999,527165.2785983486
1728,6,2.5,38,Suburbs,Excellent,0,2759,1,1986,625978.6196829962
1733,5,3.0,27,Downtown,Excellent,1,8782,1,1997,753843.794042917
1940,2,4.0,4,Downtown,Needs Repair,0,3798,2,2020,569195.7920477132
933,3,3.5,7,Downtown,Fair,0,7159,1,2017,572533.5359462667
2905,1,2.5,24,Rural,Good,1,4971,2,2000,695020.9226979503
1484,3,1.5,26,Waterfront,Good,0,6511,1,1998,568630.5526993318
3519,3,3.0,45,Rural,Good,0,5426,1,1979,825471.768092082
3020,4,2.5,22,Waterfront,Fair,1,2254,1,2002,858722.5380266341
2652,5,4.0,29,Suburbs,Excellent,1,7262,2,1995,844859.9028414887
1614,1,3.5,44,Urban,Good,0,5823,2,1980,503042.2892933499
1972,3,3.0,46,Waterfront,Fair,0,9907,1,1978,571906.7710055576
879,1,2.0,22,Downtown,Excellent,1,3876,3,2002,498155.70931646554
3733,2,3.5,48,Rural,Needs Repair,0,4757,2,1976,740856.4496602484
1002,4,1.5,46,Suburbs,Good,1,4624,2,1978,379603.2546428305
3611,2,2.5,19,Downtown,Excellent,0,6995,1,2005,869669.8429177302
2052,1,4.0,17,Suburbs,Good,1,8154,3,2007,680697.3614534823
2499,1,2.0,17,Urban,Good,1,9787,1,2007,723199.0814510846
2050,5,4.0,1,Rural,Good,1,6121,2,2023,756717.7655675426
2482,3,2.0,3,Rural,Excellent,1,5004,2,2021,698858.4597402132
2355,3,3.0,29,Urban,Fair,1,6516,1,1995,637207.5093096269
2894,2,2.0,32,Rural,Excellent,0,5734,1,1992,723208.4385442332
2056,4,1.5,35,Waterfront,Good,0,3244,3,1989,680604.0333534168
2349,6,1.5,17,Suburbs,Excellent,1,7972,3,2007,808805.8113806576
1966,3,1.0,36,Downtown,Needs Repair,0,8639,2,1988,520546.84641773376
2196,5,1.5,18,Urban,Fair,0,7356,3,2006,729834.8891320089
3503,2,3.5,46,Waterfront,Excellent,1,8380,3,1978,957179.5548221408
1270,2,2.0,27,Downtown,Needs Repair,1,3008,2,1997,406142.46759632166
3818,6,1.5,39,Downtown,Fair,1,6314,2,1985,919998.8252729718
1835,5,3.0,19,Urban,Needs Repair,1,3510,2,2005,608042.9191285952
2153,4,4.0,48,Waterfront,Fair,1,3959,2,1976,690198.2625857693
3583,5,4.0,32,Downtown,Excellent,0,4508,1,1992,969296.4363925173
3631,4,1.0,11,Downtown,Needs Repair,1,6758,2,2013,921482.7605450869
1767,5,4.0,50,Waterfront,Good,0,4682,2,1974,668346.5813322169
1157,5,2.0,14,Rural,Needs Repair,1,9311,2,2010,484115.0065615081
3819,1,1.0,40,Downtown,Fair,1,2989,3,1984,747490.0767730142
1467,2,2.0,38,Suburbs,Excellent,1,6284,2,1986,512950.85196875216
1172,5,3.0,1,Waterfront,Fair,1,2254,1,2023,582906.2763106348
1831,6,1.0,28,Downtown,Needs Repair,0,6163,1,1996,599161.3785841281
1945,5,2.5,40,Urban,Needs Repair,1,6711,2,1984,578718.7149855531
2171,3,3.5,9,Suburbs,Good,1,8479,1,2015,752303.311002251
3523,2,3.5,1,Downtown,Excellent,1,8814,3,2023,1000516.8704772583
889,3,2.0,50,Suburbs,Excellent,1,8964,2,1974,514800.7080459733
3545,2,4.0,10,Suburbs,Needs Repair,1,6969,1,2014,840248.9826149336
1339,3,2.5,12,Rural,Excellent,0,9576,1,2012,455277.6849808924
3579,5,1.0,9,Suburbs,Good,0,8443,2,2015,964795.4360106861
1668,5,2.5,13,Rural,Fair,1,7721,1,2011,636862.694754312
840,1,2.5,17,Waterfront,Excellent,1,6452,2,2007,541467.2363688202
1539,6,4.0,50,Rural,Needs Repair,1,2255,1,1974,511547.4923076785
2746,3,1.0,8,Urban,Fair,1,3007,3,2016,731649.5583321383
3349,4,3.0,38,Downtown,Fair,1,8496,1,1986,869923.8262540698
3806,1,4.0,27,Waterfront,Good,1,3755,1,1997,908540.381471817
2024,3,2.5,2,Waterfront,Needs Repair,1,9688,2,2022,641009.1152423958
1728,3,2.5,19,Urban,Excellent,0,4571,1,2005,705615.7614477717
2836,1,3.0,5,Rural,Needs Repair,1,5908,2,2019,704514.8771348468
3308,5,2.5,26,Downtown,Fair,0,4997,3,1998,899802.5214106119
3579,3,2.5,1,Rural,Needs Repair,0,4803,2,2023,865281.5686304194
3599,5,2.5,28,Suburbs,Excellent,1,5765,2,1996,977500.7663311652
1724,1,3.5,37,Rural,Excellent,1,6379,1,1987,500678.913597609
3756,5,4.0,2,Waterfront,Good,0,5383,3,2022,1128808.4827345307
2381,2,1.5,15,Downtown,Excellent,0,2098,2,2009,714706.4801973405
1189,4,4.0,29,Rural,Excellent,0,2196,1,1995,504151.4254805782
2417,3,3.0,39,Downtown,Needs Repair,1,4529,1,1985,657395.4400485513
3730,6,2.5,1,Downtown,Needs Repair,0,2877,2,2023,963667.8990347176
1055,4,4.0,16,Suburbs,Fair,0,9393,1,2008,557969.3459939584
1508,5,3.5,40,Suburbs,Good,1,3868,2,1984,621029.5140073968
2638,3,3.0,11,Waterfront,Needs Repair,1,8758,2,2013,816044.9310391488
2744,5,2.0,34,Urban,Excellent,1,4665,2,1990,798545.1204461884
3297,2,4.0,42,Downtown,Fair,0,3388,3,1982,803938.8654195679
809,1,2.0,0,Urban,Needs Repair,1,4415,2,2024,444896.7867869359
3671,3,2.5,44,Waterfront,Good,1,2569,1,1980,872713.5751191914
1597,2,3.5,14,Downtown,Good,1,4637,3,2010,628131.7033309875
1676,2,3.5,25,Downtown,Fair,1,9242,1,1999,656036.9142343396
1828,3,4.0,36,Urban,Fair,1,3065,3,1988,633649.3241584732
3990,5,3.0,20,Rural,Fair,0,2421,3,2004,902885.5916251665
1815,6,3.0,48,Suburbs,Fair,1,4883,3,1976,625300.670435369
2624,2,3.5,30,Rural,Fair,1,3204,3,1994,684307.3764309633
1173,4,3.0,24,Urban,Excellent,1,2544,1,2000,589360.1472367143
3936,2,3.5,22,Suburbs,Excellent,0,6166,2,2002,947607.3960021646
2993,6,4.0,23,Rural,Needs Repair,0,5639,1,2001,880481.725494994
1023,5,1.5,37,Suburbs,Good,1,9272,2,1987,494785.38531524816
2062,5,3.5,27,Downtown,Excellent,0,3223,1,1997,750682.5852970389
3024,4,2.0,20,Rural,Excellent,0,5172,3,2004,742566.6937168529
2602,2,3.0,42,Suburbs,Excellent,1,2767,3,1982,732954.7966640291
1652,5,3.5,17,Suburbs,Needs Repair,1,8450,2,2007,620084.4309681226
862,6,3.5,35,Suburbs,Fair,1,5657,2,1989,570299.1030640278
2040,3,4.0,34,Rural,Needs Repair,1,7802,1,1990,615070.903943119
3674,1,3.0,44,Waterfront,Good,1,8520,2,1980,941172.9777636334
3642,1,1.5,8,Rural,Good,0,2654,1,2016,775548.2672959364
1488,1,4.0,37,Urban,Good,0,8821,2,1987,512622.4012703967
2284,2,1.5,29,Rural,Good,1,4446,2,1995,587938.6887999128
2433,4,4.0,43,Suburbs,Excellent,1,7892,2,1981,748632.4145651424
2952,5,3.0,33,Downtown,Excellent,1,2220,3,1991,901474.8053252673
3970,3,1.0,31,Rural,Needs Repair,0,5666,3,1993,795302.9248337288
1310,6,3.0,2,Rural,Fair,1,6277,1,2022,623274.8465098438
1184,3,3.0,2,Suburbs,Good,1,6402,2,2022,543659.0053621731
1204,6,1.5,27,Downtown,Needs Repair,1,4569,1,1997,537458.3817928833
3670,2,1.5,43,Downtown,Excellent,1,7515,2,1981,893301.900770582
1317,1,3.0,14,Urban,Excellent,1,3013,3,2010,501052.0961598482
1275,2,3.0,40,Rural,Fair,1,4051,3,1984,412347.2204020459
2800,4,3.0,22,Downtown,Fair,1,9006,2,2002,831571.4150754081
3556,4,1.5,39,Downtown,Fair,0,5985,2,1985,767905.5007635975
2468,6,3.0,10,Waterfront,Needs Repair,1,6943,3,2014,894622.9330113876
2693,5,3.0,47,Waterfront,Excellent,1,6899,3,1977,863111.6755634083
3618,5,2.5,31,Downtown,Excellent,0,9448,1,1993,956297.3744372472
2260,6,1.0,35,Urban,Fair,1,6310,3,1989,706329.7317122964
3894,4,2.0,32,Downtown,Good,1,5019,2,1992,949316.1851639467
3844,4,1.0,23,Suburbs,Fair,0,5681,1,2001,839810.8130614299
3524,4,2.5,38,Rural,Needs Repair,1,3443,2,1986,811227.4099796679
1513,2,2.0,33,Urban,Fair,0,6196,1,1991,485921.1961832367
882,4,4.0,27,Suburbs,Fair,1,5010,2,1997,481732.7431918393
1968,3,3.0,36,Urban,Needs Repair,1,9688,3,1988,591967.8464923289
3956,1,2.5,6,Suburbs,Fair,1,2572,2,2018,824756.9091082904
3949,4,4.0,3,Rural,Excellent,1,3332,1,2021,972409.773133955
3304,6,3.0,36,Rural,Good,1,6753,2,1988,893992.9498463708
2701,1,1.5,0,Waterfront,Fair,1,9082,1,2024,720754.0633179052
2848,2,3.5,0,Suburbs,Needs Repair,0,6002,2,2024,794338.5335914728
850,6,2.5,46,Waterfront,Good,1,7629,3,1978,588272.6960092742
1484,1,1.5,19,Suburbs,Needs Repair,0,5134,3,2005,382685.29724688013
1516,6,2.5,18,Waterfront,Good,1,7752,2,2006,698359.5814179732
2269,2,2.5,28,Rural,Good,1,6086,2,1996,638869.0908404428
1248,3,1.5,9,Urban,Fair,0,2225,2,2015,487529.59192172776
1680,2,2.0,17,Waterfront,Excellent,1,6200,1,2007,683759.844796729
1287,2,1.0,27,Suburbs,Fair,0,3997,2,1997,401540.36059765803
2623,6,3.0,34,Suburbs,Needs Repair,0,2771,2,1990,712998.0372248947
2881,5,2.5,42,Rural,Needs Repair,1,9592,1,1982,761693.4211310316
2942,4,3.0,46,Suburbs,Good,0,9422,3,1978,760652.6786891422
3943,4,3.5,30,Downtown,Good,0,6524,2,1994,1001241.6240011109
2374,3,1.5,26,Urban,Excellent,0,2433,2,1998,673411.491687959
3001,3,3.0,10,Waterfront,Fair,1,7326,3,2014,905641.7024012732
1049,4,1.5,48,Urban,Needs Repair,0,5099,3,1976,454899.519626074
1473,5,3.0,48,Rural,Good,1,4729,1,1976,521829.6695039697
1237,4,1.0,37,Waterfront,Excellent,0,5407,2,1987,557170.7358361064
2965,5,1.0,4,Waterfront,Needs Repair,1,8731,2,2020,867879.2516711206
1570,3,1.0,7,Downtown,Good,1,9795,1,2017,573014.892143908
1067,1,1.0,33,Rural,Needs Repair,0,5140,3,1991,347743.96373550105
2784,6,1.0,47,Suburbs,Excellent,1,2865,1,1977,809305.6765016941
1877,3,1.0,11,Downtown,Excellent,1,4793,3,2013,647541.4108251871
1035,3,1.5,37,Downtown,Needs Repair,1,9680,1,1987,371156.2554177928
1188,2,2.5,0,Urban,Fair,1,9334,3,2024,519552.68541431346
3837,2,3.0,30,Urban,Needs Repair,0,4911,1,1994,776743.9108012265
1562,2,1.0,3,Urban,Good,1,9897,3,2021,611837.8169306493
2648,6,1.5,48,Downtown,Fair,1,9952,3,1976,835435.1094733821
3248,2,1.5,44,Suburbs,Good,1,4415,3,1980,752478.7863785647
1423,5,1.5,49,Waterfront,Needs Repair,1,2250,3,1975,509614.23350150627
3614,4,2.5,4,Urban,Fair,1,9002,3,2020,978884.9540073124
3766,1,3.0,29,Suburbs,Good,1,6951,2,1995,820561.6590158489
2052,3,2.5,23,Rural,Needs Repair,0,5757,3,2001,600501.2413669269
3700,5,2.0,2,Urban,Needs Repair,0,7289,2,2022,946405.8681994759
1377,1,4.0,10,Waterfront,Fair,0,9925,3,2014,621870.9334604939
2922,5,1.5,44,Rural,Needs Repair,1,9257,2,1980,691758.9289442067
1234,5,2.0,3,Rural,Excellent,1,6656,2,2021,604322.0843939406
2950,3,3.5,25,Waterfront,Good,1,7565,1,1999,879577.1941994361
1563,4,1.0,26,Urban,Good,1,8437,3,1998,637940.3869857085
3585,2,4.0,45,Downtown,Needs Repair,1,2918,1,1979,765597.0072165425
3653,6,1.0,42,Waterfront,Needs Repair,1,3173,1,1982,890728.5572151246
2129,4,2.5,26,Waterfront,Excellent,1,5203,3,1998,769502.8461016915
2945,6,4.0,41,Waterfront,Fair,1,2432,1,1983,942925.8131847982
3645,3,3.0,50,Rural,Needs Repair,1,8202,3,1974,779815.2587518241
2158,3,2.0,49,Suburbs,Needs Repair,1,7064,1,1975,560825.1552215633
3706,3,3.0,5,Downtown,Needs Repair,1,2835,3,2019,911543.288457009
3282,1,2.5,14,Urban,Needs Repair,1,4246,3,2010,827189.0936408148
1246,6,1.0,29,Urban,Good,1,4262,3,1995,587107.048240737
2817,4,4.0,41,Suburbs,Needs Repair,1,2897,2,1983,710083.3193102962
2131,4,3.0,36,Waterfront,Good,1,5632,1,1988,739995.1953783919
1048,5,3.0,36,Downtown,Needs Repair,0,6567,2,1988,518052.22600326117
965,5,1.0,41,Urban,Fair,1,5815,1,1983,449100.9040872317
3831,5,4.0,36,Urban,Excellent,0,2246,1,1988,957037.0240731568
2158,3,2.0,34,Waterfront,Fair,1,4429,1,1990,629505.0341582893
1819,4,1.0,22,Suburbs,Needs Repair,1,2990,2,2002,565744.9684443476
1341,6,3.0,5,Downtown,Needs Repair,1,5310,1,2019,581776.5316129811
1558,3,2.0,3,Suburbs,Needs Repair,0,2926,2,2021,510388.6230184286
3977,1,2.0,17,Suburbs,Fair,1,5438,3,2007,893085.9176545035
2928,5,1.0,8,Downtown,Needs Repair,1,7287,1,2016,793330.1134299985
2980,3,3.0,48,Downtown,Fair,0,4607,1,1976,789746.3041865823
1596,3,2.5,28,Urban,Good,1,3074,3,1996,523930.49279104045
3747,1,3.0,12,Urban,Excellent,1,7930,3,2012,914858.963932417
937,2,1.5,46,Downtown,Excellent,1,9777,1,1978,384495.98593241634
3031,4,4.0,16,Rural,Fair,0,6022,3,2008,884070.717002359
2153,6,3.5,44,Urban,Good,1,5799,2,1980,718095.3854774511
3632,2,2.5,31,Rural,Fair,1,6784,2,1993,736112.36064815
2675,5,2.0,47,Downtown,Good,1,8523,1,1977,751507.420567237
3831,3,2.5,21,Urban,Needs Repair,1,8617,2,2003,847450.7267543459
868,1,4.0,3,Suburbs,Good,0,5151,2,2021,446811.45329083793
3393,1,2.0,4,Downtown,Good,0,8840,1,2020,831386.8775283471
2900,4,4.0,36,Waterfront,Good,0,5438,3,1988,889337.6331214131
2273,2,2.0,40,Rural,Excellent,1,7580,1,1984,590609.9317966718
1004,4,2.5,48,Downtown,Good,0,9054,2,1976,498128.72098004026
2973,3,2.0,12,Downtown,Needs Repair,0,9706,1,2012,739532.1433078961
842,4,2.0,33,Urban,Needs Repair,1,9619,1,1991,384044.05318251025
2706,6,1.5,44,Urban,Needs Repair,0,9631,2,1980,674158.792711023
2958,1,3.0,21,Urban,Good,0,7055,2,2003,731040.4265899091
1560,1,3.0,22,Waterfront,Fair,1,6573,1,2002,557904.1933562964
3695,5,3.5,50,Urban,Fair,0,9147,2,1974,906326.5643632124
2942,5,3.5,2,Downtown,Needs Repair,1,9069,2,2022,837365.1902141598
2794,3,1.5,41,Urban,Excellent,1,5491,2,1983,749097.0027980452
2735,6,3.5,33,Suburbs,Fair,1,2706,2,1991,857659.1464871294
1699,2,4.0,31,Urban,Good,1,9381,2,1993,611315.6045946656
1159,4,2.5,44,Waterfront,Fair,1,9536,2,1980,536144.0826727175
3747,3,1.0,50,Suburbs,Needs Repair,1,8997,3,1974,780720.1787926945
2519,5,4.0,48,Downtown,Excellent,1,7233,1,1976,793883.6046631064
1080,4,1.0,20,Downtown,Fair,1,5064,2,2004,467753.02612111554
2687,5,1.0,45,Rural,Fair,1,2753,1,1979,661857.4226428391
1466,4,1.5,43,Suburbs,Needs Repair,1,8646,3,1981,524839.64587097
892,2,4.0,20,Rural,Excellent,1,7755,2,2004,485162.0494341674
1471,3,1.5,43,Suburbs,Excellent,0,8960,1,1981,455737.048571527
2769,4,2.0,10,Suburbs,Needs Repair,0,2587,2,2014,724385.4677960725
860,6,1.0,38,Waterfront,Good,0,3334,2,1986,581691.4651101235
3481,1,2.5,3,Rural,Fair,1,7588,2,2021,795773.0550965514
3922,6,3.5,50,Waterfront,Good,1,3847,2,1974,1029699.6267378973
1828,6,2.5,0,Suburbs,Fair,1,8851,2,2024,718275.9940965818
2289,1,3.5,27,Downtown,Fair,1,5934,2,1997,661460.6199368023
1403,6,1.0,23,Suburbs,Good,1,9211,2,2001,595375.4960651617
1481,4,1.0,34,Waterfront,Needs Repair,0,9582,3,1990,565205.0569300578
3381,4,1.0,12,Rural,Needs Repair,0,9865,3,2012,782247.5836054453
2228,4,1.5,46,Rural,Fair,1,5926,2,1978,596083.744043569
3685,1,4.0,33,Waterfront,Needs Repair,1,5317,2,1991,834444.6726182132
3492,6,3.5,10,Rural,Fair,1,6020,3,2014,1014553.348579279
3080,1,4.0,35,Urban,Needs Repair,1,5155,3,1989,731059.3815859414
1323,4,1.5,50,Downtown,Fair,0,6302,3,1974,534570.2195737476
3193,6,1.5,16,Downtown,Needs Repair,1,4198,2,2008,860198.705023315
3917,6,3.0,34,Downtown,Excellent,1,8811,1,1990,1072482.7909845714
3393,5,2.5,17,Rural,Good,0,8671,1,2007,874659.2769139432
2768,5,2.5,39,Rural,Excellent,1,2164,1,1985,724377.7239586842
1901,2,2.0,21,Suburbs,Good,1,9060,1,2003,604400.0635111162
2553,3,1.5,23,Suburbs,Good,1,3998,2,2001,663729.2497758954
2636,5,3.5,18,Downtown,Fair,1,9312,1,2006,847333.8912455355
3944,1,3.0,36,Urban,Good,1,5057,3,1988,900541.0589939173
3641,5,3.0,38,Suburbs,Excellent,0,4084,3,1986,991076.4672933081
3096,2,4.0,20,Suburbs,Excellent,1,6428,1,2004,844425.8025159497
2894,6,2.5,7,Rural,Needs Repair,1,2402,3,2017,839946.211681981
1944,2,1.5,27,Urban,Excellent,0,2413,2,1997,605421.6325114245
3061,6,2.0,4,Downtown,Needs Repair,0,2044,1,2020,826398.6872753707
3086,6,1.5,16,Suburbs,Good,1,9569,1,2008,949479.1036327253
1879,3,4.0,36,Urban,Excellent,1,8349,2,1988,675307.7339136316
3197,5,1.0,35,Urban,Good,0,6157,3,1989,828064.838784487
906,1,1.5,18,Downtown,Excellent,1,4467,2,2006,502358.59260195284
3678,1,4.0,26,Urban,Excellent,1,2867,2,1998,937918.7472839647
847,4,1.0,33,Urban,Needs Repair,0,7587,3,1991,400414.61194106983
1136,6,1.0,10,Urban,Good,0,8963,2,2014,629927.5024352189
1849,1,2.0,44,Suburbs,Excellent,1,2018,3,1980,515720.8299066933
3651,3,3.5,46,Downtown,Fair,0,2364,3,1978,835809.6332910282
2080,6,2.5,11,Urban,Good,1,9467,2,2013,758451.3278064468
2855,3,1.5,20,Urban,Good,0,9174,3,2004,793336.4409643784
1424,1,1.0,10,Suburbs,Good,1,5832,2,2014,502636.6279380537
2690,1,1.5,38,Downtown,Needs Repair,1,8571,3,1986,602318.3211333301
2076,4,3.5,27,Rural,Fair,1,7236,1,1997,655623.001019557
2515,1,2.5,4,Suburbs,Good,1,2579,3,2020,764174.652836158
3566,6,3.5,16,Downtown,Excellent,1,9674,3,2008,1132170.469003521
1102,6,2.5,19,Urban,Excellent,1,2545,2,2005,606480.4817226342
1438,6,3.0,40,Downtown,Needs Repair,1,7825,3,1984,641371.8683929016
855,4,2.5,45,Downtown,Excellent,0,8468,1,1979,480184.14656247955
1525,4,2.0,11,Downtown,Good,1,6150,1,2013,540643.4506443595
1325,1,3.5,5,Rural,Excellent,0,6873,3,2019,532002.6357020162
1273,2,1.0,16,Downtown,Good,1,5039,3,2008,556041.0437877895
827,2,3.0,50,Rural,Excellent,1,6137,1,1974,418658.43881310825
2925,4,2.0,18,Urban,Fair,1,7416,2,2006,818147.0550727797
1164,1,1.5,25,Rural,Needs Repair,0,6044,1,1999,310568.11760250316
3513,2,3.5,47,Urban,Needs Repair,1,6326,1,1977,777673.4905173794
1325,1,4.0,43,Urban,Fair,1,2452,3,1981,453935.1948906727
3546,1,4.0,43,Rural,Fair,1,5961,3,1981,756795.3292409207
2135,1,1.0,31,Suburbs,Needs Repair,1,8537,1,1993,528295.0660691671
1682,5,2.5,5,Waterfront,Fair,0,7641,2,2019,699723.9266086823
1830,6,1.0,35,Downtown,Good,1,3381,1,1989,680222.0966942823
1826,1,4.0,37,Waterfront,Excellent,1,3467,1,1987,624469.4211410856
2446,5,1.5,10,Downtown,Needs Repair,1,7247,2,2014,803889.7586446867
1718,4,3.0,32,Downtown,Fair,1,4738,1,1992,563670.9667914464
3597,2,3.0,23,Urban,Good,0,9572,1,2001,837706.9200488629
3210,6,3.5,22,Downtown,Needs Repair,0,8535,3,2002,909513.9679742904
2574,2,3.0,14,Downtown,Fair,1,3216,2,2010,660158.6829043581
2331,6,3.5,26,Rural,Needs Repair,0,8747,3,1998,656255.415717345
3653,2,3.5,10,Waterfront,Fair,1,2880,3,2014,878087.7714926817
3586,6,3.5,50,Rural,Needs Repair,1,5814,2,1974,855207.3236906697
2706,2,4.0,49,Downtown,Good,0,5149,2,1975,700643.6997034766
3886,2,4.0,16,Urban,Good,1,2084,1,2008,936309.9844369859
2015,2,2.5,50,Rural,Excellent,0,7149,3,1974,546584.9555467097
